text,category
The onboarding document is pending your approval.,HR
The tax report is pending your approval.,Finance
Attached is the new profit margins for this quarter.,Finance
"Issue reported with the tax report, please fix.",Finance
Attached is the new server for this quarter.,IT
The database is pending your approval.,IT
Please review the server immediately.,IT
The database is pending your approval.,IT
The financial audit is pending your approval.,Finance
"Issue reported with the firewall, please fix.",IT
The network router is pending your approval.,IT
"Issue reported with the payroll, please fix.",HR
The expense invoice is pending your approval.,Finance
The API endpoints is pending your approval.,IT
Attached is the new profit margins for this quarter.,Finance
"Issue reported with the production environment, please fix.",IT
We need an update regarding the tax report.,Finance
"Issue reported with the payroll, please fix.",HR
Attached is the new onboarding document for this quarter.,HR
Attached is the new Q3 revenue for this quarter.,Finance
"Issue reported with the firewall, please fix.",IT
Attached is the new tax report for this quarter.,Finance
The onboarding document is pending your approval.,HR
We need an update regarding the network router.,IT
We need an update regarding the vacation policy.,HR
The firewall is pending your approval.,IT
We need an update regarding the API endpoints.,IT
"Issue reported with the financial audit, please fix.",Finance
Attached is the new API endpoints for this quarter.,IT
Attached is the new network router for this quarter.,IT
The database is pending your approval.,IT
The employee interview is pending your approval.,HR
Please review the server immediately.,IT
We need an update regarding the Q3 revenue.,Finance
We need an update regarding the vacation policy.,HR
The database is pending your approval.,IT
We need an update regarding the Q3 revenue.,Finance
The health insurance is pending your approval.,HR
The login system is pending your approval.,IT
"Issue reported with the annual budget, please fix.",Finance
We need an update regarding the vacation policy.,HR
Please review the leave request immediately.,HR
We need an update regarding the employee interview.,HR
We need an update regarding the profit margins.,Finance
Please review the financial audit immediately.,Finance
Please review the login system immediately.,IT
Please review the annual budget immediately.,Finance
"Issue reported with the network router, please fix.",IT
The production environment is pending your approval.,IT
We need an update regarding the Q3 revenue.,Finance
We need an update regarding the tax report.,Finance
We need an update regarding the production environment.,IT
"Issue reported with the login system, please fix.",IT
"Issue reported with the API endpoints, please fix.",IT
Please review the production environment immediately.,IT
We need an update regarding the database.,IT
The database is pending your approval.,IT
Attached is the new payroll for this quarter.,HR
We need an update regarding the Q3 revenue.,Finance
Attached is the new annual budget for this quarter.,Finance
We need an update regarding the firewall.,IT
The health insurance is pending your approval.,HR
We need an update regarding the Q3 revenue.,Finance
The annual budget is pending your approval.,Finance
Attached is the new onboarding document for this quarter.,HR
The expense invoice is pending your approval.,Finance
Attached is the new profit margins for this quarter.,Finance
We need an update regarding the employee interview.,HR
Attached is the new annual budget for this quarter.,Finance
The payroll is pending your approval.,HR
"Issue reported with the onboarding document, please fix.",HR
The database is pending your approval.,IT
"Issue reported with the API endpoints, please fix.",IT
"Issue reported with the vacation policy, please fix.",HR
"Issue reported with the annual budget, please fix.",Finance
We need an update regarding the network router.,IT
We need an update regarding the onboarding document.,HR
Attached is the new annual budget for this quarter.,Finance
Attached is the new firewall for this quarter.,IT
Attached is the new production environment for this quarter.,IT
"Issue reported with the API endpoints, please fix.",IT
Attached is the new database for this quarter.,IT
Attached is the new payroll for this quarter.,HR
We need an update regarding the vacation policy.,HR
We need an update regarding the leave request.,HR
Attached is the new leave request for this quarter.,HR
"Issue reported with the API endpoints, please fix.",IT
The production environment is pending your approval.,IT
The tax report is pending your approval.,Finance
We need an update regarding the annual budget.,Finance
Attached is the new API endpoints for this quarter.,IT
Please review the employee interview immediately.,HR
We need an update regarding the database.,IT
The Q3 revenue is pending your approval.,Finance
Please review the server immediately.,IT
The firewall is pending your approval.,IT
"Issue reported with the API endpoints, please fix.",IT
The onboarding document is pending your approval.,HR
Please review the employee interview immediately.,HR
Please review the server immediately.,IT
We need an update regarding the Q3 revenue.,Finance
Please review the vacation policy immediately.,HR
The financial audit is pending your approval.,Finance
We need an update regarding the leave request.,HR
We need an update regarding the leave request.,HR
Please review the production environment immediately.,IT
We need an update regarding the annual budget.,Finance
The production environment is pending your approval.,IT
The firewall is pending your approval.,IT
Attached is the new login system for this quarter.,IT
Please review the financial audit immediately.,Finance
Please review the tax report immediately.,Finance
The financial audit is pending your approval.,Finance
Please review the vacation policy immediately.,HR
"Issue reported with the database, please fix.",IT
Please review the leave request immediately.,HR
The employee interview is pending your approval.,HR
The financial audit is pending your approval.,Finance
Please review the onboarding document immediately.,HR
The network router is pending your approval.,IT
Please review the vacation policy immediately.,HR
Attached is the new login system for this quarter.,IT
Attached is the new onboarding document for this quarter.,HR
Attached is the new profit margins for this quarter.,Finance
"Issue reported with the network router, please fix.",IT
We need an update regarding the production environment.,IT
Please review the leave request immediately.,HR
The server is pending your approval.,IT
We need an update regarding the payroll.,HR
We need an update regarding the payroll.,HR
"Issue reported with the profit margins, please fix.",Finance
Attached is the new tax report for this quarter.,Finance
Attached is the new tax report for this quarter.,Finance
The profit margins is pending your approval.,Finance
"Issue reported with the database, please fix.",IT
The expense invoice is pending your approval.,Finance
Please review the API endpoints immediately.,IT
Please review the onboarding document immediately.,HR
The expense invoice is pending your approval.,Finance
We need an update regarding the Q3 revenue.,Finance
The firewall is pending your approval.,IT
Attached is the new Q3 revenue for this quarter.,Finance
We need an update regarding the tax report.,Finance
We need an update regarding the employee interview.,HR
The employee interview is pending your approval.,HR
The Q3 revenue is pending your approval.,Finance
We need an update regarding the annual budget.,Finance
"Issue reported with the expense invoice, please fix.",Finance
Attached is the new onboarding document for this quarter.,HR
Attached is the new Q3 revenue for this quarter.,Finance
"Issue reported with the API endpoints, please fix.",IT
Attached is the new leave request for this quarter.,HR
Attached is the new vacation policy for this quarter.,HR
The server is pending your approval.,IT
The profit margins is pending your approval.,Finance
The API endpoints is pending your approval.,IT
Please review the onboarding document immediately.,HR
Attached is the new onboarding document for this quarter.,HR
The database is pending your approval.,IT
"Issue reported with the production environment, please fix.",IT
Attached is the new health insurance for this quarter.,HR
Please review the server immediately.,IT
We need an update regarding the financial audit.,Finance
The leave request is pending your approval.,HR
"Issue reported with the Q3 revenue, please fix.",Finance
The database is pending your approval.,IT
The login system is pending your approval.,IT
"Issue reported with the employee interview, please fix.",HR
We need an update regarding the onboarding document.,HR
We need an update regarding the employee interview.,HR
Please review the tax report immediately.,Finance
We need an update regarding the employee interview.,HR
We need an update regarding the health insurance.,HR
Attached is the new financial audit for this quarter.,Finance
The onboarding document is pending your approval.,HR
Attached is the new annual budget for this quarter.,Finance
Please review the production environment immediately.,IT
We need an update regarding the API endpoints.,IT
"Issue reported with the Q3 revenue, please fix.",Finance
Attached is the new annual budget for this quarter.,Finance
Please review the API endpoints immediately.,IT
"Issue reported with the network router, please fix.",IT
"Issue reported with the expense invoice, please fix.",Finance
The API endpoints is pending your approval.,IT
We need an update regarding the expense invoice.,Finance
We need an update regarding the leave request.,HR
Please review the health insurance immediately.,HR
Please review the tax report immediately.,Finance
Please review the annual budget immediately.,Finance
Please review the server immediately.,IT
Attached is the new expense invoice for this quarter.,Finance
We need an update regarding the payroll.,HR
The tax report is pending your approval.,Finance
The tax report is pending your approval.,Finance
Please review the Q3 revenue immediately.,Finance
The profit margins is pending your approval.,Finance
"Issue reported with the financial audit, please fix.",Finance
We need an update regarding the network router.,IT
We need an update regarding the profit margins.,Finance
The profit margins is pending your approval.,Finance
"Issue reported with the database, please fix.",IT
Please review the payroll immediately.,HR
The Q3 revenue is pending your approval.,Finance
We need an update regarding the login system.,IT
The financial audit is pending your approval.,Finance
Attached is the new annual budget for this quarter.,Finance
Attached is the new server for this quarter.,IT
The employee interview is pending your approval.,HR
"Issue reported with the tax report, please fix.",Finance
"Issue reported with the firewall, please fix.",IT
Attached is the new API endpoints for this quarter.,IT
Attached is the new production environment for this quarter.,IT
"Issue reported with the health insurance, please fix.",HR
"Issue reported with the leave request, please fix.",HR
Attached is the new leave request for this quarter.,HR
We need an update regarding the network router.,IT
"Issue reported with the vacation policy, please fix.",HR
Attached is the new leave request for this quarter.,HR
The leave request is pending your approval.,HR
Please review the payroll immediately.,HR
We need an update regarding the annual budget.,Finance
Attached is the new payroll for this quarter.,HR
Please review the database immediately.,IT
"Issue reported with the expense invoice, please fix.",Finance
Please review the expense invoice immediately.,Finance
Attached is the new vacation policy for this quarter.,HR
Attached is the new expense invoice for this quarter.,Finance
"Issue reported with the server, please fix.",IT
"Issue reported with the tax report, please fix.",Finance
We need an update regarding the Q3 revenue.,Finance
Please review the Q3 revenue immediately.,Finance
Please review the health insurance immediately.,HR
"Issue reported with the onboarding document, please fix.",HR
We need an update regarding the API endpoints.,IT
We need an update regarding the tax report.,Finance
The annual budget is pending your approval.,Finance
The database is pending your approval.,IT
The health insurance is pending your approval.,HR
Attached is the new tax report for this quarter.,Finance
"Issue reported with the financial audit, please fix.",Finance
Attached is the new employee interview for this quarter.,HR
Attached is the new health insurance for this quarter.,HR
The onboarding document is pending your approval.,HR
"Issue reported with the production environment, please fix.",IT
"Issue reported with the database, please fix.",IT
"Issue reported with the employee interview, please fix.",HR
Please review the annual budget immediately.,Finance
Attached is the new profit margins for this quarter.,Finance
The API endpoints is pending your approval.,IT
"Issue reported with the onboarding document, please fix.",HR
The health insurance is pending your approval.,HR
The leave request is pending your approval.,HR
Please review the production environment immediately.,IT
Attached is the new Q3 revenue for this quarter.,Finance
Please review the firewall immediately.,IT
The vacation policy is pending your approval.,HR
"Issue reported with the expense invoice, please fix.",Finance
The financial audit is pending your approval.,Finance
We need an update regarding the expense invoice.,Finance
The profit margins is pending your approval.,Finance
"Issue reported with the firewall, please fix.",IT
We need an update regarding the leave request.,HR
Attached is the new expense invoice for this quarter.,Finance
The vacation policy is pending your approval.,HR
We need an update regarding the API endpoints.,IT
"Issue reported with the profit margins, please fix.",Finance
We need an update regarding the employee interview.,HR
The employee interview is pending your approval.,HR
Please review the profit margins immediately.,Finance
We need an update regarding the API endpoints.,IT
"Issue reported with the network router, please fix.",IT
The employee interview is pending your approval.,HR
We need an update regarding the production environment.,IT
"Issue reported with the employee interview, please fix.",HR
Please review the profit margins immediately.,Finance
Please review the network router immediately.,IT
Please review the vacation policy immediately.,HR
Please review the financial audit immediately.,Finance
Please review the employee interview immediately.,HR
The Q3 revenue is pending your approval.,Finance
Please review the employee interview immediately.,HR
The firewall is pending your approval.,IT
Please review the network router immediately.,IT
Please review the onboarding document immediately.,HR
Please review the health insurance immediately.,HR
We need an update regarding the database.,IT
The vacation policy is pending your approval.,HR
We need an update regarding the tax report.,Finance
The firewall is pending your approval.,IT
Please review the employee interview immediately.,HR
"Issue reported with the database, please fix.",IT
Please review the vacation policy immediately.,HR
Please review the expense invoice immediately.,Finance
The Q3 revenue is pending your approval.,Finance
"Issue reported with the login system, please fix.",IT
The health insurance is pending your approval.,HR
Attached is the new expense invoice for this quarter.,Finance
The login system is pending your approval.,IT
Attached is the new leave request for this quarter.,HR
We need an update regarding the employee interview.,HR
Attached is the new employee interview for this quarter.,HR
Attached is the new login system for this quarter.,IT
"Issue reported with the firewall, please fix.",IT
Attached is the new onboarding document for this quarter.,HR
Please review the API endpoints immediately.,IT
The onboarding document is pending your approval.,HR
Attached is the new payroll for this quarter.,HR
Attached is the new Q3 revenue for this quarter.,Finance
The leave request is pending your approval.,HR
We need an update regarding the profit margins.,Finance
"Issue reported with the server, please fix.",IT
We need an update regarding the health insurance.,HR
We need an update regarding the firewall.,IT
Attached is the new firewall for this quarter.,IT
"Issue reported with the health insurance, please fix.",HR
The Q3 revenue is pending your approval.,Finance
Attached is the new health insurance for this quarter.,HR
Please review the production environment immediately.,IT
Attached is the new expense invoice for this quarter.,Finance
The vacation policy is pending your approval.,HR
Please review the Q3 revenue immediately.,Finance
"Issue reported with the health insurance, please fix.",HR
Attached is the new employee interview for this quarter.,HR
Please review the network router immediately.,IT
Please review the login system immediately.,IT
The employee interview is pending your approval.,HR
"Issue reported with the server, please fix.",IT
"Issue reported with the Q3 revenue, please fix.",Finance
Attached is the new production environment for this quarter.,IT
"Issue reported with the financial audit, please fix.",Finance
The Q3 revenue is pending your approval.,Finance
The onboarding document is pending your approval.,HR
We need an update regarding the tax report.,Finance
We need an update regarding the employee interview.,HR
We need an update regarding the annual budget.,Finance
The API endpoints is pending your approval.,IT
The Q3 revenue is pending your approval.,Finance
We need an update regarding the financial audit.,Finance
Attached is the new Q3 revenue for this quarter.,Finance
Attached is the new network router for this quarter.,IT
The API endpoints is pending your approval.,IT
Attached is the new firewall for this quarter.,IT
The Q3 revenue is pending your approval.,Finance
We need an update regarding the production environment.,IT
Attached is the new leave request for this quarter.,HR
"Issue reported with the network router, please fix.",IT
"Issue reported with the server, please fix.",IT
Please review the employee interview immediately.,HR
"Issue reported with the tax report, please fix.",Finance
Attached is the new network router for this quarter.,IT
Attached is the new Q3 revenue for this quarter.,Finance
"Issue reported with the onboarding document, please fix.",HR
Attached is the new vacation policy for this quarter.,HR
Attached is the new tax report for this quarter.,Finance
The leave request is pending your approval.,HR
We need an update regarding the server.,IT
Please review the leave request immediately.,HR
We need an update regarding the firewall.,IT
The leave request is pending your approval.,HR
The profit margins is pending your approval.,Finance
"Issue reported with the vacation policy, please fix.",HR
Please review the health insurance immediately.,HR
"Issue reported with the health insurance, please fix.",HR
Attached is the new onboarding document for this quarter.,HR
Attached is the new production environment for this quarter.,IT
We need an update regarding the server.,IT
The production environment is pending your approval.,IT
We need an update regarding the network router.,IT
Please review the health insurance immediately.,HR
The login system is pending your approval.,IT
The employee interview is pending your approval.,HR
"Issue reported with the profit margins, please fix.",Finance
We need an update regarding the employee interview.,HR
Please review the employee interview immediately.,HR
We need an update regarding the onboarding document.,HR
We need an update regarding the expense invoice.,Finance
We need an update regarding the Q3 revenue.,Finance
The production environment is pending your approval.,IT
The annual budget is pending your approval.,Finance
Please review the health insurance immediately.,HR
The health insurance is pending your approval.,HR
Please review the firewall immediately.,IT
"Issue reported with the payroll, please fix.",HR
We need an update regarding the database.,IT
We need an update regarding the production environment.,IT
Attached is the new Q3 revenue for this quarter.,Finance
Attached is the new vacation policy for this quarter.,HR
We need an update regarding the annual budget.,Finance
Please review the API endpoints immediately.,IT
The production environment is pending your approval.,IT
"Issue reported with the network router, please fix.",IT
"Issue reported with the financial audit, please fix.",Finance
Attached is the new tax report for this quarter.,Finance
Please review the firewall immediately.,IT
"Issue reported with the onboarding document, please fix.",HR
Please review the expense invoice immediately.,Finance
We need an update regarding the financial audit.,Finance
Please review the Q3 revenue immediately.,Finance
We need an update regarding the database.,IT
Please review the financial audit immediately.,Finance
Please review the expense invoice immediately.,Finance
"Issue reported with the network router, please fix.",IT
"Issue reported with the tax report, please fix.",Finance
Attached is the new tax report for this quarter.,Finance
"Issue reported with the employee interview, please fix.",HR
The network router is pending your approval.,IT
We need an update regarding the financial audit.,Finance
Please review the server immediately.,IT
Please review the network router immediately.,IT
"Issue reported with the expense invoice, please fix.",Finance
The API endpoints is pending your approval.,IT
We need an update regarding the employee interview.,HR
Please review the leave request immediately.,HR
Attached is the new health insurance for this quarter.,HR
The vacation policy is pending your approval.,HR
We need an update regarding the health insurance.,HR
"Issue reported with the expense invoice, please fix.",Finance
"Issue reported with the Q3 revenue, please fix.",Finance
"Issue reported with the production environment, please fix.",IT
"Issue reported with the health insurance, please fix.",HR
We need an update regarding the tax report.,Finance
"Issue reported with the payroll, please fix.",HR
Attached is the new vacation policy for this quarter.,HR
We need an update regarding the employee interview.,HR
Please review the tax report immediately.,Finance
"Issue reported with the production environment, please fix.",IT
Please review the payroll immediately.,HR
The expense invoice is pending your approval.,Finance
We need an update regarding the login system.,IT
"Issue reported with the annual budget, please fix.",Finance
The vacation policy is pending your approval.,HR
Attached is the new server for this quarter.,IT
The employee interview is pending your approval.,HR
"Issue reported with the firewall, please fix.",IT
We need an update regarding the leave request.,HR
"Issue reported with the tax report, please fix.",Finance
We need an update regarding the production environment.,IT
We need an update regarding the payroll.,HR
Attached is the new Q3 revenue for this quarter.,Finance
Attached is the new profit margins for this quarter.,Finance
Please review the production environment immediately.,IT
The login system is pending your approval.,IT
Attached is the new Q3 revenue for this quarter.,Finance
Attached is the new server for this quarter.,IT
The database is pending your approval.,IT
Please review the expense invoice immediately.,Finance
Please review the vacation policy immediately.,HR
The financial audit is pending your approval.,Finance
Please review the firewall immediately.,IT
Please review the payroll immediately.,HR
"Issue reported with the expense invoice, please fix.",Finance
Attached is the new payroll for this quarter.,HR
Attached is the new Q3 revenue for this quarter.,Finance
"Issue reported with the API endpoints, please fix.",IT
Please review the employee interview immediately.,HR
We need an update regarding the expense invoice.,Finance
"Issue reported with the Q3 revenue, please fix.",Finance
The network router is pending your approval.,IT
Please review the onboarding document immediately.,HR
The database is pending your approval.,IT
The leave request is pending your approval.,HR
We need an update regarding the vacation policy.,HR
Attached is the new login system for this quarter.,IT
Attached is the new Q3 revenue for this quarter.,Finance
"Issue reported with the payroll, please fix.",HR
The health insurance is pending your approval.,HR
"Issue reported with the network router, please fix.",IT
Please review the login system immediately.,IT
Attached is the new expense invoice for this quarter.,Finance
Attached is the new vacation policy for this quarter.,HR
We need an update regarding the network router.,IT
The database is pending your approval.,IT
Please review the payroll immediately.,HR
"Issue reported with the network router, please fix.",IT
"Issue reported with the financial audit, please fix.",Finance
Please review the API endpoints immediately.,IT
Please review the leave request immediately.,HR
The firewall is pending your approval.,IT
"Issue reported with the financial audit, please fix.",Finance
We need an update regarding the tax report.,Finance
Please review the payroll immediately.,HR
"Issue reported with the tax report, please fix.",Finance
"Issue reported with the health insurance, please fix.",HR
Attached is the new expense invoice for this quarter.,Finance
Please review the vacation policy immediately.,HR
Please review the onboarding document immediately.,HR
The health insurance is pending your approval.,HR
Attached is the new onboarding document for this quarter.,HR
Attached is the new Q3 revenue for this quarter.,Finance
The login system is pending your approval.,IT
The database is pending your approval.,IT
"Issue reported with the leave request, please fix.",HR
We need an update regarding the health insurance.,HR
The profit margins is pending your approval.,Finance
We need an update regarding the production environment.,IT
We need an update regarding the vacation policy.,HR
"Issue reported with the login system, please fix.",IT
The tax report is pending your approval.,Finance
Attached is the new annual budget for this quarter.,Finance
The login system is pending your approval.,IT
Attached is the new expense invoice for this quarter.,Finance
We need an update regarding the financial audit.,Finance
The profit margins is pending your approval.,Finance
We need an update regarding the profit margins.,Finance
Attached is the new onboarding document for this quarter.,HR
Attached is the new onboarding document for this quarter.,HR
Please review the health insurance immediately.,HR
We need an update regarding the server.,IT
The financial audit is pending your approval.,Finance
Attached is the new tax report for this quarter.,Finance
Please review the firewall immediately.,IT
Attached is the new vacation policy for this quarter.,HR
Attached is the new login system for this quarter.,IT
Attached is the new firewall for this quarter.,IT
"Issue reported with the firewall, please fix.",IT
We need an update regarding the financial audit.,Finance
The network router is pending your approval.,IT
Attached is the new login system for this quarter.,IT
The health insurance is pending your approval.,HR
Attached is the new Q3 revenue for this quarter.,Finance
Attached is the new vacation policy for this quarter.,HR
Attached is the new expense invoice for this quarter.,Finance
The employee interview is pending your approval.,HR
Please review the API endpoints immediately.,IT
Please review the Q3 revenue immediately.,Finance
Attached is the new health insurance for this quarter.,HR
We need an update regarding the production environment.,IT
Attached is the new login system for this quarter.,IT
Please review the login system immediately.,IT
The server is pending your approval.,IT
"Issue reported with the profit margins, please fix.",Finance
We need an update regarding the payroll.,HR
"Issue reported with the firewall, please fix.",IT
"Issue reported with the onboarding document, please fix.",HR
The server is pending your approval.,IT
Attached is the new vacation policy for this quarter.,HR
We need an update regarding the network router.,IT
The server is pending your approval.,IT
The login system is pending your approval.,IT
Attached is the new network router for this quarter.,IT
"Issue reported with the annual budget, please fix.",Finance
The health insurance is pending your approval.,HR
We need an update regarding the onboarding document.,HR
"Issue reported with the firewall, please fix.",IT
Please review the employee interview immediately.,HR
Please review the payroll immediately.,HR
Attached is the new profit margins for this quarter.,Finance
We need an update regarding the financial audit.,Finance
We need an update regarding the expense invoice.,Finance
The employee interview is pending your approval.,HR
The Q3 revenue is pending your approval.,Finance
We need an update regarding the network router.,IT
We need an update regarding the profit margins.,Finance
The expense invoice is pending your approval.,Finance
We need an update regarding the profit margins.,Finance
The vacation policy is pending your approval.,HR
Please review the database immediately.,IT
Please review the leave request immediately.,HR
We need an update regarding the tax report.,Finance
Please review the onboarding document immediately.,HR
Please review the payroll immediately.,HR
We need an update regarding the Q3 revenue.,Finance
Please review the tax report immediately.,Finance
Please review the profit margins immediately.,Finance
The API endpoints is pending your approval.,IT
The leave request is pending your approval.,HR
The login system is pending your approval.,IT
"Issue reported with the Q3 revenue, please fix.",Finance
The profit margins is pending your approval.,Finance
The production environment is pending your approval.,IT
We need an update regarding the expense invoice.,Finance
Please review the health insurance immediately.,HR
We need an update regarding the vacation policy.,HR
Attached is the new health insurance for this quarter.,HR
We need an update regarding the Q3 revenue.,Finance
Please review the annual budget immediately.,Finance
The login system is pending your approval.,IT
"Issue reported with the server, please fix.",IT
Attached is the new database for this quarter.,IT
Please review the payroll immediately.,HR
The tax report is pending your approval.,Finance
The onboarding document is pending your approval.,HR
Please review the database immediately.,IT
Attached is the new database for this quarter.,IT
Attached is the new expense invoice for this quarter.,Finance
"Issue reported with the firewall, please fix.",IT
Attached is the new expense invoice for this quarter.,Finance
We need an update regarding the profit margins.,Finance
The employee interview is pending your approval.,HR
The onboarding document is pending your approval.,HR
The leave request is pending your approval.,HR
We need an update regarding the tax report.,Finance
We need an update regarding the profit margins.,Finance
"Issue reported with the network router, please fix.",IT
"Issue reported with the server, please fix.",IT
"Issue reported with the health insurance, please fix.",HR
"Issue reported with the profit margins, please fix.",Finance
We need an update regarding the vacation policy.,HR
"Issue reported with the login system, please fix.",IT
"Issue reported with the onboarding document, please fix.",HR
